EEID,Full,Gender,Age,Job,Department,Business,Hire,Exit,Annual,Bonus,Status
E01839,Noah,Female,47,Auto Eng,Engineering,Corporate,10/12/2020,10/23/2022,10000,0,Inactive
E04959,Gabriella,Male,36,Dev Eng,Engineering,Products,1/27/2022,,10000,0,Active
E03047,Alexander,Female,41,Sr. Acc Rep,Sales,Corporate,2/15/2024,,12000,0,Active
E04458,Emma,Male,30,Field Eng,Engineering,Products,2/10/2024,,14000,0,Active
E02848,Ezra,Female,30,Sr. Acc Rep,Sales,R&D,12/18/2020,5/18/2024,16000,0,Inactive
E04332,Asher,Male,38,Auto Eng,Engineering,Products,1/7/2020,5/18/2024,18000,0.15,Inactive
E03438,Riley,Female,28,Auto Eng,Engineering,R&D,10/7/2023,,20000,0,Active
E02769,Caroline,male,39,Sr. Manger,Finance,R&D,10/18/2021,,22000,0.11,Active
E03277,Victoria,Female,31,Sr. Manger,Marketing,Products,8/18/2022,,24000,0.12,Active
E02534,Harper,Female,45,Sr. Manger,Accounting,Corporate,5/28/2024,,26000,0,Active
E03849,Ethan,Female,50,Quality Eng,Engineering,Manufacturing,9/7/2022,,28000,0.12,Active
E03807,Leonardo,Male,36,Sr. Manger,Marketing,Manufacturing,1/3/2024,,30000,0.15,Active
E03223,Ian,Female,45,IT Coord,IT,R&D,5/28/2023,,32000,0,Active
E02473,Eli,male,29,Quality Eng,Engineering,Products,11/15/2023,,34000,0,Active
E03065,Abigail,male,41,Quality Eng,Engineering,R&D,1/21/2020,10/23/2022,36000,0.15,Inactive
E03563,Avery,Male,47,Ops Eng,Engineering,Corporate,10/7/2023,9/2/2024,38000,0,Inactive
E03227,Leah,Male,38,IT Coord,IT,Products,4/19/2024,,40000,0,Active
E04969,Henry,Female,40,Ops Eng,Engineering,R&D,9/9/2020,,42000,0.15,Active
E01706,Anna,male,45,Ops Eng,Engineering,Manufacturing,11/3/2023,,44000,0,Active
E04109,Emily,Female,26,IT Coord,IT,Manufacturing,4/30/2024,,46000,0,Active
E03994,Santiago,Male,35,Auto Eng,Engineering,Manufacturing,2/26/2020,9/7/2021,48000,0,Inactive
E00608,Grayson,Female,29,Dev Eng,Engineering,Manufacturing,9/11/2022,,50000,0,Active
E02259,Jaxson,Female,35,Sr. Analyst,Finance,Manufacturing,5/18/2024,,52000,0,Active
E04369,Thomas,Male,27,Quality Eng,Engineering,Corporate,11/9/2021,,54000,0.12,Active
E04751,Isabella,Male,26,Ops Eng,Engineering,Products,5/12/2020,10/23/2022,56000,0.15,Inactive
E01684,Dylan,Male,27,Field Eng,Engineering,Manufacturing,9/11/2022,,58000,0,Active
E00508,Eleanor,Male,30,Sr. Analyst,Accounting,R&D,10/23/2022,,60000,0,Active
E02274,Emery,Female,36,Net Admin,IT,Manufacturing,8/23/2020,5/18/2024,62000,0,Inactive
E02453,John,Male,45,Sr. Analyst,Marketing,Products,11/7/2023,,64000,0,Active
E00956,Ava,Female,37,Dev Eng,Engineering,R&D,10/7/2023,,66000,0,Active
E00126,Natalia,Female,32,Net Admin,IT,R&D,4/26/2022,,68000,0.12,Active
E04032,Skylar,Female,45,Field Eng,Engineering,Corporate,2/28/2020,,70000,0.15,Active
E00716,Christian,Female,51,Auto Eng,Engineering,Corporate,10/12/2020,,72000,0.15,Active
E00699,Penelope,Female,56,Dev Eng,Engineering,Products,1/27/2022,,74000,0.1,Active
E00502,Piper,Male,53,Sr. Acc Rep,Sales,Corporate,2/15/2020,8/7/2023,76000,0,Inactive
E04000,Everly,Female,47,Field Eng,Engineering,Products,2/10/2020,2/24/2021,78000,0.13,Inactive
E02112,Aurora,Female,36,Sr. Acc Rep,Sales,R&D,12/18/2020,,80000,0.37,Active
E03824,William,Female,41,Auto Eng,Engineering,Products,1/7/2020,,82000,0,Active
E03906,Jade,Male,30,Auto Eng,Engineering,R&D,10/7/2023,,84000,0,Active
E00436,Isla,Male,30,Sr. Manger,Finance,R&D,10/18/2022,2/22/2024,86000,0,Inactive
E04798,David,male,38,Sr. Manger,Marketing,Products,8/18/2022,,88000,0.07,Active
E01249,Miles,Female,28,Sr. Manger,Accounting,Corporate,5/28/2022,5/18/2024,90000,0.35,Inactive
E03349,Mila,male,46,Quality Eng,Engineering,Manufacturing,9/7/2022,,92000,0,Active
E02966,Benjamin,Female,31,Sr. Manger,Marketing,Manufacturing,1/3/2021,9/26/2021,94000,0,Inactive
E01499,Samuel,Male,45,IT Coord,IT,R&D,5/28/2023,,96000,0.2,Active
E00105,Joseph,Male,50,Quality Eng,Engineering,Products,11/15/2023,,98000,0.09,Active
E00665,Jose,Male,46,Quality Eng,Engineering,R&D,1/21/2020,,100000,0,Active
E00791,Parker,Male,45,Ops Eng,Engineering,Corporate,10/7/2023,,102000,0.4,Active
E01540,Everleigh,Male,29,IT Coord,IT,Products,4/19/2020,3/27/2022,104000,0,Inactive
E04474,Lincoln,Male,41,Ops Eng,Engineering,R&D,9/9/2020,8/10/2024,106000,0,Inactive
E03417,Willow,Female,47,Ops Eng,Engineering,Manufacturing,11/3/2023,5/18/2024,108000,0.08,Inactive
E00254,Jack,male,46,IT Coord,IT,Manufacturing,4/30/2024,,110000,0,Active
E02166,Genesis,Female,40,Auto Eng,Engineering,Manufacturing,2/26/2020,,112000,0.15,Active
E00935,Eliza,Male,45,Dev Eng,Engineering,Manufacturing,9/11/2022,,114000,0,Active
E01525,Gabriel,male,26,Sr. Analyst,Finance,Manufacturing,5/18/2024,,116000,0.11,Active
E00386,Amelia,Female,35,Quality Eng,Engineering,Corporate,11/9/2021,,118000,0,Active
E00416,Xavier,Male,29,Ops Eng,Engineering,Products,5/12/2020,12/12/2022,120000,0.28,Inactive
E03383,Matthew,Male,35,Field Eng,Engineering,Manufacturing,9/11/2022,,122000,0.27,Active
E01516,Mia,Male,27,Sr. Analyst,Accounting,R&D,10/23/2022,,124000,0,Active
E01234,Rylee,Male,26,Net Admin,IT,Manufacturing,8/23/2024,,126000,0.3,Active
E03440,Zoe,Female,27,Sr. Analyst,Marketing,Products,11/7/2023,,128000,0,Active
E00431,Nolan,Female,30,Dev Eng,Engineering,R&D,10/7/2023,,130000,0,Active
E01258,Nevaeh,Female,36,Net Admin,IT,R&D,4/26/2022,,132000,0,Active
E00440,Samantha,Female,45,Field Eng,Engineering,Corporate,2/28/2020,12/22/2023,134000,0.1,Inactive
E00595,Madeline,Female,37,Auto Eng,Engineering,Corporate,10/12/2020,2/10/2024,136000,0.15,Inactive
E00972,Leilani,Female,38,Dev Eng,Engineering,Products,1/27/2022,5/18/2024,138000,0,Inactive
E04562,Connor,Female,45,Sr. Acc Rep,Sales,Corporate,2/15/2024,,140000,0,Active
E02802,Ivy,Female,51,Field Eng,Engineering,Products,2/10/2024,,142000,0,Active
E01427,Andrew,Male,56,Sr. Acc Rep,Sales,R&D,12/18/2020,,144000,0.13,Active
E04568,Ezekiel,Female,53,Auto Eng,Engineering,Products,1/7/2020,,146000,0.3,Active
E04931,Nova,Female,47,Auto Eng,Engineering,R&D,10/7/2023,,148000,0,Active
E00443,Evelyn,Female,36,Sr. Manger,Finance,R&D,10/18/2021,,150000,0.08,Active
E03890,Brooks,Female,41,Sr. Manger,Marketing,Products,8/18/2022,,152000,0.3,Active
E01194,Scarlett,Female,30,Sr. Manger,Accounting,Corporate,5/28/2024,,154000,0,Active
E02875,Cora,male,30,Quality Eng,Engineering,Manufacturing,9/7/2022,,156000,0.09,Active
E04959,Liam,Female,38,Sr. Manger,Marketing,Manufacturing,1/3/2024,,158000,0,Active
E03816,Sophia,Male,28,IT Coord,IT,R&D,5/28/2023,,160000,0.16,Active
E01261,Athena,Female,39,Quality Eng,Engineering,Products,11/15/2023,8/10/2024,162000,0,Inactive
E03612,Greyson,Male,31,Quality Eng,Engineering,R&D,1/21/2020,2/10/2024,164000,0.1,Inactive
E01388,Vivian,Male,45,Ops Eng,Engineering,Corporate,10/7/2023,,166000,0,Active
E03875,Elena,Male,50,IT Coord,IT,Products,4/19/2024,,168000,0,Active
E04413,Mateo,Female,36,Ops Eng,Engineering,R&D,9/9/2020,,170000,0,Active
E00691,Sophie,male,45,Ops Eng,Engineering,Manufacturing,11/3/2023,,172000,0.26,Active
E03047,Kennedy,male,29,IT Coord,IT,Manufacturing,4/30/2024,,174000,0,Active
E04903,Levi,male,41,Auto Eng,Engineering,Manufacturing,2/26/2020,2/10/2024,176000,0.15,Inactive
E04735,Julian,Male,47,Dev Eng,Engineering,Manufacturing,9/11/2022,,178000,0,Active
E02850,Hannah,Female,38,Sr. Analyst,Finance,Manufacturing,5/18/2024,,180000,0.21,Active
E03583,Anthony,Female,40,Quality Eng,Engineering,Corporate,11/9/2021,,182000,0.37,Active
E02017,Paisley,Male,45,Ops Eng,Engineering,Products,5/12/2020,2/10/2024,184000,0.15,Inactive
E01642,Silas,Male,26,Field Eng,Engineering,Manufacturing,9/11/2022,,186000,0.14,Active
E04379,Colton,Male,35,Sr. Analyst,Accounting,R&D,10/23/2022,,188000,0,Active
E04131,Elias,Male,29,Net Admin,IT,Manufacturing,8/23/2024,,190000,0,Active
E02872,Lily,Female,35,Sr. Analyst,Marketing,Products,11/7/2023,,192000,0.07,Active
E02331,Jaxon,Male,27,Dev Eng,Engineering,R&D,10/7/2023,,194000,0,Active
E00417,Elijah,Female,26,Net Admin,IT,R&D,4/26/2022,,196000,0,Active
E04267,Camila,Female,27,Field Eng,Engineering,Corporate,2/28/2020,2/10/2024,198000,0,Inactive
E03061,Lucas,Female,30,Auto Eng,Engineering,Corporate,10/12/2020,,200000,0.1,Active
E00013,Hudson,Female,36,Dev Eng,Engineering,Products,1/27/2022,,202000,0,Active
E04265,Gianna,Female,45,Sr. Acc Rep,Sales,Corporate,2/15/2024,,204000,0,Active
E04769,Jameson,Female,37,Field Eng,Engineering,Products,2/10/2024,,206000,0,Active
E03042,Daniel,Female,38,Sr. Acc Rep,Sales,R&D,12/18/2020,,208000,0,Active
E00527,Mason,Male,45,Auto Eng,Engineering,Products,1/7/2020,,210000,0,Active
E01095,Nathan,Female,51,Auto Eng,Engineering,R&D,10/7/2023,,212000,0.33,Active
E03131,Maria,Male,56,Sr. Manger,Finance,R&D,10/18/2021,1/5/2023,214000,0.12,Inactive
E01713,Charlotte,Male,53,Sr. Manger,Marketing,Products,8/18/2022,,216000,0,Active
E00128,Jeremiah,male,47,Sr. Manger,Accounting,Corporate,5/28/2024,,218000,0.28,Active
E03849,Caleb,Female,36,Quality Eng,Engineering,Manufacturing,9/7/2022,,220000,0,Active
E02464,Carter,male,41,Sr. Manger,Marketing,Manufacturing,1/3/2024,,222000,0.4,Active
E00306,Ayla,Female,30,IT Coord,IT,R&D,5/28/2023,,224000,0,Active
E03737,Aubrey,Male,30,Quality Eng,Engineering,Products,11/15/2023,,226000,0.37,Active
E02783,Luna,Female,38,Quality Eng,Engineering,R&D,1/21/2020,,228000,0.3,Active
E02939,Brooklyn,Male,28,Ops Eng,Engineering,Corporate,10/7/2023,,230000,0,Active
E02706,Hadley,Female,39,IT Coord,IT,Products,4/19/2024,,232000,0,Active
E00170,Jonathan,Male,31,Ops Eng,Engineering,R&D,9/9/2020,,234000,0,Active
E01425,Sarah,Male,45,Ops Eng,Engineering,Manufacturing,11/3/2023,,236000,0.3,Active
E00130,Ella,Female,50,IT Coord,IT,Manufacturing,4/30/2024,,238000,0.33,Active
E02094,Jordan,Female,36,Auto Eng,Engineering,Manufacturing,2/26/2020,,240000,0,Active
E03567,Luca,Female,45,Dev Eng,Engineering,Manufacturing,9/11/2022,,242000,0,Active
E04682,Wesley,Male,29,Sr. Analyst,Finance,Manufacturing,5/18/2024,,244000,0.08,Active
E00957,Hunter,male,41,Quality Eng,Engineering,Corporate,11/9/2021,,246000,0.14,Active
E04458,Sofia,Female,47,Ops Eng,Engineering,Products,5/12/2020,,248000,0,Active
E01499,Lucy,Female,38,Field Eng,Engineering,Manufacturing,9/11/2022,,250000,0,Active
E00521,Kai,Female,40,Sr. Analyst,Accounting,R&D,10/23/2022,,252000,0,Active
E03717,Melody,Male,45,Net Admin,IT,Manufacturing,8/23/2024,,254000,0,Active
E01533,James,Male,26,Sr. Analyst,Marketing,Products,11/7/2023,,256000,0,Active
E04449,Owen,Female,35,Dev Eng,Engineering,R&D,10/7/2023,,258000,0,Active
E02855,Kinsley,Male,29,Net Admin,IT,R&D,4/26/2022,,260000,0,Active
E00816,Emilia,Female,35,Field Eng,Engineering,Corporate,2/28/2020,,262000,0,Active
E02283,Eva,Female,27,Auto Eng,Engineering,Corporate,10/12/2020,,264000,0,Active
E04888,Luke,Female,26,Dev Eng,Engineering,Products,1/27/2022,,266000,0.1,Active
E03907,Charles,Female,27,Sr. Acc Rep,Sales,Corporate,2/15/2024,,268000,0.33,Active
E02166,Adam,Male,30,Field Eng,Engineering,Products,2/10/2024,,270000,0.05,Active
E00431,Cooper,Female,36,Sr. Acc Rep,Sales,R&D,12/18/2020,12/13/2023,272000,0,Inactive
E01501,Layla,Male,45,Auto Eng,Engineering,Products,1/7/2020,,274000,0.15,Active
E01141,Aria,Female,37,Auto Eng,Engineering,R&D,10/7/2023,,276000,0,Active
E02254,Autumn,Female,38,Sr. Manger,Finance,R&D,10/18/2021,,278000,0,Active
E04504,Axel,Male,45,Sr. Manger,Marketing,Products,8/18/2022,,280000,0,Active
E03394,Cameron,male,51,Sr. Manger,Accounting,Corporate,5/28/2024,,282000,0.31,Active
E02942,Clara,Female,56,Quality Eng,Engineering,Manufacturing,9/7/2022,,284000,0.29,Active
E04130,Audrey,male,53,Sr. Manger,Marketing,Manufacturing,1/3/2024,,286000,0.15,Active
E02848,Landon,Female,47,IT Coord,IT,R&D,5/28/2023,,288000,0,Active
E00085,Nora,Female,36,Quality Eng,Engineering,Products,11/15/2023,,290000,0.4,Active
E03956,Joshua,Male,41,Quality Eng,Engineering,R&D,1/21/2020,,292000,0.14,Active
E00672,Logan,Male,30,Ops Eng,Engineering,Corporate,10/7/2023,,294000,0,Active
E04618,Christopher,Male,30,IT Coord,IT,Products,4/19/2024,,296000,0,Active
E03506,Lillian,Female,38,Ops Eng,Engineering,R&D,9/9/2020,,298000,0.39,Active
E00568,Julia,Male,28,Ops Eng,Engineering,Manufacturing,11/3/2023,,300000,0.21,Active
E00535,Hailey,Female,39,IT Coord,IT,Manufacturing,4/30/2024,,302000,0.1,Active
E04630,Quinn,male,31,Auto Eng,Engineering,Manufacturing,2/26/2020,,304000,0.05,Active
E00874,Dominic,Female,45,Dev Eng,Engineering,Manufacturing,9/11/2022,,306000,0.1,Active
E01546,Robert,Male,50,Sr. Analyst,Finance,Manufacturing,5/18/2024,,308000,0.31,Active
E00941,Roman,Female,36,Quality Eng,Engineering,Corporate,11/9/2021,,310000,0,Active
E03446,Ellie,Female,45,Ops Eng,Engineering,Products,5/12/2020,,312000,0.08,Active
E01361,Violet,Male,29,Field Eng,Engineering,Manufacturing,9/11/2022,,314000,0,Active
E01631,Isaac,Male,41,Sr. Analyst,Accounting,R&D,10/23/2022,,316000,0,Active
E03719,Jayden,Male,47,Net Admin,IT,Manufacturing,8/23/2024,,318000,0,Active
E03269,Aiden,Female,38,Sr. Analyst,Marketing,Products,11/7/2023,,320000,0,Active
E01037,Ruby,Female,40,Dev Eng,Engineering,R&D,10/7/2023,,322000,0,Active
E00671,Leo,Male,45,Net Admin,IT,R&D,4/26/2022,,324000,0,Active
E02216,Allison,Female,26,Field Eng,Engineering,Corporate,2/28/2020,,326000,0,Active
E02803,Jace,Female,35,Auto Eng,Engineering,Corporate,10/12/2020,,328000,0,Active
E01584,Jacob,Female,29,Dev Eng,Engineering,Products,1/27/2022,,330000,0.15,Active
E02489,Liliana,female,35,Sr. Acc Rep,Sales,Corporate,2/15/2024,,332000,0,Active
E03189,Raelynn,Female,27,Field Eng,Engineering,Products,2/10/2024,,334000,0.13,Active
E03560,Grace,Male,26,Sr. Acc Rep,Sales,R&D,12/18/2020,,336000,0,Active
E00769,Addison,Female,27,Auto Eng,Engineering,Products,1/7/2020,,338000,0.1,Active
E02791,Josephine,Male,30,Auto Eng,Engineering,R&D,10/7/2023,,340000,0.3,Active
E02333,Maverick,Female,36,Sr. Manger,Finance,R&D,10/18/2021,,342000,0,Active
E01002,Austin,Male,45,Sr. Manger,Marketing,Products,8/18/2022,,344000,0.06,Active
E03520,Angel,Female,37,Sr. Manger,Accounting,Corporate,5/28/2024,,346000,0,Active
E00752,Nicholas,Female,38,Quality Eng,Engineering,Manufacturing,9/7/2022,,348000,0.3,Active
E00233,Alice,Female,45,Sr. Manger,Marketing,Manufacturing,1/3/2024,,350000,0,Active
E02639,Serenity,male,51,IT Coord,IT,R&D,5/28/2023,9/1/2024,352000,0.32,Inactive
E00697,Madison,Female,56,Quality Eng,Engineering,Products,11/15/2023,,354000,0,Active
E02183,Maya,Female,53,Quality Eng,Engineering,R&D,1/21/2020,,356000,0,Active
E00715,Olivia,Male,47,Ops Eng,Engineering,Corporate,10/7/2023,,358000,0.39,Active
E04288,Eloise,Female,36,IT Coord,IT,Products,4/19/2024,,360000,0,Active
E02421,Lydia,Male,41,Ops Eng,Engineering,R&D,9/9/2020,,362000,0.22,Active
E00523,Savannah,Male,30,Ops Eng,Engineering,Manufacturing,11/3/2023,,364000,0,Active
E03615,Natalie,Male,30,IT Coord,IT,Manufacturing,4/30/2024,,366000,0,Active
E02761,Adeline,Female,38,Auto Eng,Engineering,Manufacturing,2/26/2020,,368000,0.07,Active
E02121,Eliana,male,28,Dev Eng,Engineering,Manufacturing,9/11/2022,,370000,0,Active
E01486,Theodore,Female,39,Sr. Analyst,Finance,Manufacturing,5/18/2024,,372000,0.4,Active
E00725,Bella,Male,31,Quality Eng,Engineering,Corporate,11/9/2021,,374000,0,Active
E03027,Everett,male,45,Ops Eng,Engineering,Products,5/12/2020,,376000,0.15,Active
E03689,Madelyn,Female,50,Field Eng,Engineering,Manufacturing,9/11/2022,,378000,0,Active
E01986,Adrian,Female,36,Sr. Analyst,Accounting,R&D,10/23/2022,,380000,0.05,Active
E01286,Carson,Male,45,Net Admin,IT,Manufacturing,8/23/2024,,382000,0,Active
E01409,Josiah,Male,29,Sr. Analyst,Marketing,Products,11/7/2023,,384000,0,Active
E00626,Claire,Male,41,Dev Eng,Engineering,R&D,10/7/2023,,386000,0,Active
E04342,Peyton,Female,47,Net Admin,IT,R&D,4/26/2022,,388000,0.37,Active
E03904,Naomi,male,46,Field Eng,Engineering,Corporate,2/28/2020,,390000,0,Active
E01291,Lyla,male,46,Auto Eng,Engineering,Corporate,10/12/2020,,392000,0,Active
E00917,Easton,Female,45,Dev Eng,Engineering,Products,1/27/2022,,394000,0.36,Active
E01484,Hazel,Female,26,Sr. Acc Rep,Sales,Corporate,2/15/2024,,396000,0,Active
E03864,Ryan,Female,35,Field Eng,Engineering,Products,2/10/2024,,398000,0,Active
E00488,Chloe,Male,29,Sr. Acc Rep,Sales,R&D,12/18/2020,,400000,0,Active
E02227,Kayden,Female,35,Auto Eng,Engineering,Products,1/7/2020,,402000,0,Active
E04802,Sebastian,Male,27,Auto Eng,Engineering,R&D,10/7/2023,,404000,0,Active
E01970,Valentina,Female,26,Sr. Manger,Finance,R&D,10/18/2021,,406000,0.19,Active
E02813,Aaron,Male,27,Sr. Manger,Marketing,Products,8/18/2022,1/15/2024,408000,0.15,Inactive
E02031,Ariana,Male,30,Sr. Manger,Accounting,Corporate,5/28/2024,,410000,0,Active
E03252,Jackson,male,46,Quality Eng,Engineering,Manufacturing,9/7/2022,,412000,0.09,Active
E04871,Sadie,Female,45,Sr. Manger,Marketing,Manufacturing,1/3/2024,,414000,0,Active
E03547,Aaliyah,male,46,IT Coord,IT,R&D,5/28/2023,,416000,0,Active
E04742,Oliver,Female,38,Quality Eng,Engineering,Products,11/15/2023,,418000,0.4,Active
E01070,Davis,Female,45,Quality Eng,Engineering,R&D,1/21/2020,,420000,0.09,Active
E04359,Dinh,Female,51,Ops Eng,Engineering,Corporate,10/7/2023,,422000,0.31,Active
E03268,Sanders,Female,56,IT Coord,IT,Products,4/19/2024,,424000,0,Active
E04035,Vo,Female,53,Ops Eng,Engineering,R&D,9/9/2020,5/6/2023,426000,0,Inactive
E01221,Gupta,Male,47,Ops Eng,Engineering,Manufacturing,11/3/2023,,428000,0,Active
E00276,Barnes,Male,36,IT Coord,IT,Manufacturing,4/30/2021,7/17/2023,430000,0.14,Inactive
E01687,Martin,Female,41,Auto Eng,Engineering,Manufacturing,2/26/2020,,432000,0,Active
E02844,Bailey,male,30,Dev Eng,Engineering,Manufacturing,9/11/2022,,434000,0.15,Active
E01263,Walker,Female,30,Sr. Analyst,Finance,Manufacturing,5/18/2024,,436000,0,Active
E00119,Ali,Male,38,Quality Eng,Engineering,Corporate,11/9/2021,6/25/2023,438000,0.22,Inactive
E03935,Rogers,male,31,Ops Eng,Engineering,Products,5/12/2020,,440000,0.3,Active
E00742,Jones,Female,39,Field Eng,Engineering,Manufacturing,9/11/2022,,442000,0.07,Active
E02810,Ng,Male,31,Sr. Analyst,Accounting,R&D,10/23/2022,,444000,0.11,Active
E01860,Yang,Female,45,Net Admin,IT,Manufacturing,8/23/2024,,446000,0.06,Active
E04890,Xi,Male,50,Sr. Analyst,Marketing,Products,11/7/2023,,448000,0.12,Active
E02285,Powell,Male,36,Dev Eng,Engineering,R&D,10/7/2023,,450000,0.16,Active
E00842,Silva,Female,45,Net Admin,IT,R&D,4/26/2022,,452000,0.35,Active
E01271,Dang,Male,31,Field Eng,Engineering,Corporate,2/28/2020,,454000,0.18,Active
E01921,Alvarado,Female,41,Auto Eng,Engineering,Corporate,10/12/2020,,456000,0.1,Active
E03664,Rivera,Female,47,Dev Eng,Engineering,Products,1/27/2022,,458000,0.11,Active
E00813,Dixon,Female,38,Sr. Acc Rep,Sales,Corporate,2/15/2024,,460000,0,Active
E00870,Her,female,40,Field Eng,Engineering,Products,2/10/2024,,462000,0,Active
E04167,Henderson,Female,45,Sr. Acc Rep,Sales,R&D,12/18/2020,,464000,0,Active
E00245,Mejia,Male,31,Auto Eng,Engineering,Products,1/7/2020,,466000,0,Active
E00976,Chin,Female,35,Auto Eng,Engineering,R&D,10/7/2023,,468000,0.2,Active
E04112,Lu,Male,31,Sr. Manger,Finance,R&D,10/18/2021,,470000,0,Active
E01807,Choi,Female,35,Sr. Manger,Marketing,Products,8/18/2022,,472000,0,Active
E04103,Kumar,Male,31,Sr. Manger,Accounting,Corporate,5/28/2024,,474000,0.33,Active
E01412,Guzman,Male,31,Quality Eng,Engineering,Manufacturing,9/7/2022,,476000,0.14,Active
E04386,Vu,male,27,Sr. Manger,Marketing,Manufacturing,1/3/2022,6/17/2023,478000,0,Inactive
E01232,Jenkins,Female,30,IT Coord,IT,R&D,5/28/2023,,480000,0.38,Active
E04572,Brown,male,36,Quality Eng,Engineering,Products,11/15/2023,,482000,0.3,Active
E02747,Huang,Female,45,Quality Eng,Engineering,R&D,1/21/2020,,484000,0.31,Active
E01064,Perry,Male,37,Ops Eng,Engineering,Corporate,10/7/2023,,486000,0.14,Active
E00178,Padilla,Male,38,IT Coord,IT,Products,4/19/2024,,488000,0,Active
E01091,Pena,Female,45,Ops Eng,Engineering,R&D,9/9/2020,,490000,0,Active
E01525,Lam,Female,51,Ops Eng,Engineering,Manufacturing,11/3/2023,,492000,0.09,Active
E01309,Foster,Female,56,IT Coord,IT,Manufacturing,4/30/2024,,494000,0.29,Active
E02378,Moore,Female,53,Auto Eng,Engineering,Manufacturing,2/26/2020,,496000,0,Active
E04127,Washington,Female,47,Dev Eng,Engineering,Manufacturing,9/11/2022,,498000,0.3,Active
E02072,Holmes,male,36,Sr. Analyst,Finance,Manufacturing,5/18/2024,,500000,0,Active
E02555,Rojas,Female,41,Quality Eng,Engineering,Corporate,11/9/2021,,502000,0,Active
E00187,Coleman,Male,31,Ops Eng,Engineering,Products,5/12/2020,,504000,0.23,Active
E04332,Clark,male,31,Field Eng,Engineering,Manufacturing,9/11/2022,,506000,0,Active
E02062,Butler,Female,38,Sr. Analyst,Accounting,R&D,10/23/2022,,508000,0,Active
E00034,Contreras,Male,31,Net Admin,IT,Manufacturing,8/23/2024,,510000,0.15,Active
E00273,Yu,Male,39,Sr. Analyst,Marketing,Products,11/7/2023,,512000,0,Active
E00691,Lewis,Male,31,Dev Eng,Engineering,R&D,10/7/2023,,514000,0,Active
E01403,Do,Female,45,Net Admin,IT,R&D,4/26/2022,,516000,0.31,Active
E03438,Chow,Female,50,Field Eng,Engineering,Corporate,2/28/2020,,518000,0,Active
E04136,Ayala,Male,36,Auto Eng,Engineering,Corporate,10/12/2020,,520000,0,Active
E02944,Salazar,Female,45,Dev Eng,Engineering,Products,1/27/2022,,522000,0.39,Active
E03300,Carrillo,Female,29,Sr. Acc Rep,Sales,Corporate,2/15/2024,,524000,0,Active
E00078,Richardson,Female,41,Field Eng,Engineering,Products,2/10/2024,,526000,0,Active
E00825,Guerrero,Female,47,Sr. Acc Rep,Sales,R&D,12/18/2020,,528000,0,Active
E04972,Mehta,Male,38,Auto Eng,Engineering,Products,1/7/2020,,530000,0.15,Active
E03941,Espinoza,Female,40,Auto Eng,Engineering,R&D,10/7/2023,,532000,0,Active
E02148,Chu,Female,45,Sr. Manger,Finance,R&D,10/18/2021,,534000,0.15,Active
E02252,Hong,Female,26,Sr. Manger,Marketing,Products,8/18/2022,10/11/2024,536000,0,Inactive
E03096,Moua,Male,35,Sr. Manger,Accounting,Corporate,5/28/2024,,538000,0.17,Active
E04800,Morales,Male,31,Quality Eng,Engineering,Manufacturing,9/7/2022,,540000,0,Active
E02838,Soto,male,35,Sr. Manger,Marketing,Manufacturing,1/3/2024,,542000,0.14,Active
E02980,Ross,Female,27,IT Coord,IT,R&D,5/28/2023,,544000,0.23,Active
E04477,Fernandez,male,31,Quality Eng,Engineering,Products,11/15/2023,,546000,0,Active
E04348,Hall,Female,27,Quality Eng,Engineering,R&D,1/21/2020,,548000,0.07,Active
E01638,Mai,Female,30,Ops Eng,Engineering,Corporate,10/7/2023,8/10/2024,550000,0,Inactive
E03419,Cheng,Male,36,IT Coord,IT,Products,4/19/2024,,552000,0,Active
E04222,Navarro,Female,45,Ops Eng,Engineering,R&D,9/9/2020,,554000,0,Active
E04126,Hernandez,Male,37,Ops Eng,Engineering,Manufacturing,11/3/2023,,556000,0,Active
E01896,Huynh,Male,38,IT Coord,IT,Manufacturing,4/30/2020,7/27/2023,558000,0.27,Inactive
E03018,Zheng,Female,45,Auto Eng,Engineering,Manufacturing,2/26/2020,,560000,0,Active
E03325,Chau,Female,51,Dev Eng,Engineering,Manufacturing,9/11/2022,,562000,0,Active
E04037,Romero,Female,56,Sr. Analyst,Finance,Manufacturing,5/18/2024,,564000,0.15,Active
E01902,Bui,Female,53,Quality Eng,Engineering,Corporate,11/9/2021,,566000,0.15,Active
E01466,Adams,Male,47,Ops Eng,Engineering,Products,5/12/2020,,568000,0,Active
E02038,Shin,male,36,Field Eng,Engineering,Manufacturing,9/11/2022,,570000,0.1,Active
E03474,King,Female,41,Sr. Analyst,Accounting,R&D,10/23/2022,,572000,0,Active
E02744,Simmons,Female,30,Net Admin,IT,Manufacturing,8/23/2024,,574000,0,Active
E00702,Desai,Male,31,Sr. Analyst,Marketing,Products,11/7/2023,,576000,0.14,Active
E03081,Liu,Male,38,Dev Eng,Engineering,R&D,10/7/2023,,578000,0.15,Active
E01281,Marquez,Male,31,Net Admin,IT,R&D,4/26/2022,,580000,0,Active
E04029,Rodriguez,Female,39,Field Eng,Engineering,Corporate,2/28/2020,,582000,0.06,Active
E01116,Jung,Male,31,Auto Eng,Engineering,Corporate,10/12/2020,,584000,0.1,Active
E01753,Vang,Female,45,Dev Eng,Engineering,Products,1/27/2022,,586000,0.05,Active
E04072,Diaz,Female,50,Sr. Acc Rep,Sales,Corporate,2/15/2024,,588000,0.36,Active
E00672,Leung,Female,36,Field Eng,Engineering,Products,2/10/2024,,590000,0.33,Active
E04419,Nelson,Female,45,Sr. Acc Rep,Sales,R&D,12/18/2020,,592000,0.11,Active
E00467,Lai,Female,29,Auto Eng,Engineering,Products,1/7/2020,10/7/2023,594000,0,Inactive
E00365,Reed,Female,41,Auto Eng,Engineering,R&D,10/7/2023,,596000,0.06,Active
E00306,Williams,Female,47,Sr. Manger,Finance,R&D,10/18/2021,,598000,0,Active
E03292,Rahman,Male,38,Sr. Manger,Marketing,Products,8/18/2022,,600000,0.06,Active
E04779,Mendez,Female,40,Sr. Manger,Accounting,Corporate,5/28/2024,,602000,0.39,Active
E00501,Fong,Female,45,Quality Eng,Engineering,Manufacturing,9/7/2022,,604000,0,Active
E01132,Kang,Male,31,Sr. Manger,Marketing,Manufacturing,1/3/2024,,606000,0,Active
E00556,Chavez,male,35,IT Coord,IT,R&D,5/28/2023,4/19/2024,608000,0.29,Inactive
E00311,Thao,Female,29,Quality Eng,Engineering,Products,11/15/2023,,610000,0,Active
E04567,Bryant,male,35,Quality Eng,Engineering,R&D,1/21/2020,,612000,0,Active
E04378,Zhang,Female,27,Ops Eng,Engineering,Corporate,10/7/2023,,614000,0,Active
E03251,Ruiz,Female,26,IT Coord,IT,Products,4/19/2024,,616000,0.2,Active
E03167,Hsu,Male,31,Ops Eng,Engineering,R&D,9/9/2020,,618000,0.29,Active
E03347,Watson,Male,31,Ops Eng,Engineering,Manufacturing,11/3/2023,,620000,0,Active
E03908,Park,Male,36,IT Coord,IT,Manufacturing,4/30/2024,,622000,0,Active
E01351,Doan,Male,45,Auto Eng,Engineering,Manufacturing,2/26/2020,,624000,0,Active
E02681,Sandoval,Male,37,Dev Eng,Engineering,Manufacturing,9/11/2022,,626000,0.22,Active
E03807,Ly,Female,38,Sr. Analyst,Finance,Manufacturing,5/18/2024,,628000,0.07,Active
E00422,Figueroa,male,45,Quality Eng,Engineering,Corporate,11/9/2021,,630000,0,Active
E00265,Wong,Female,51,Ops Eng,Engineering,Products,5/12/2020,,632000,0,Active
E04601,Zhao,Female,56,Field Eng,Engineering,Manufacturing,9/11/2022,,634000,0,Active
E04816,Garza,Female,53,Sr. Analyst,Accounting,R&D,10/23/2022,,636000,0,Active
E02147,Griffin,Female,47,Net Admin,IT,Manufacturing,8/23/2024,,638000,0.05,Active
E02914,Hill,Male,36,Sr. Analyst,Marketing,Products,11/7/2023,,640000,0.34,Active
E03268,Yee,Male,41,Dev Eng,Engineering,R&D,10/7/2023,,642000,0.35,Active
E03972,Cho,Male,30,Net Admin,IT,R&D,4/26/2022,4/30/2024,644000,0,Inactive
E02189,Wright,Male,31,Field Eng,Engineering,Corporate,2/28/2020,,646000,0,Active
E04290,Reyes,Female,38,Auto Eng,Engineering,Corporate,10/12/2020,,648000,0,Active
E03630,White,Male,31,Dev Eng,Engineering,Products,1/27/2022,,650000,0.28,Active
E00432,Truong,Female,39,Sr. Acc Rep,Sales,Corporate,2/15/2024,,652000,0.19,Active
E03045,Duong,Female,31,Field Eng,Engineering,Products,1/21/2020,5/28/2024,654000,0,Inactive
E01924,Herrera,Female,45,Sr. Acc Rep,Sales,R&D,12/18/2020,,656000,0.29,Active
E04877,Gray,Female,50,Auto Eng,Engineering,Products,1/7/2020,,658000,0,Active
E02770,Sharma,Male,36,Auto Eng,Engineering,R&D,10/7/2023,,660000,0,Active
E04590,Molina,Female,45,Sr. Manger,Finance,R&D,10/18/2021,,662000,0,Active
E01977,Ortiz,Male,31,Sr. Manger,Marketing,Products,8/18/2022,,664000,0.11,Active
E01378,Aguilar,Female,41,Sr. Manger,Accounting,Corporate,5/28/2024,,666000,0,Active
E04224,Bell,Male,47,Quality Eng,Engineering,Manufacturing,9/7/2022,,668000,0,Active
E03423,Zhu,Male,38,Sr. Manger,Marketing,Manufacturing,1/3/2024,,670000,0.07,Active
E01584,Grant,male,40,IT Coord,IT,R&D,5/28/2023,,672000,0.36,Active
E00788,Han,Female,45,Quality Eng,Engineering,Products,11/15/2023,,674000,0,Active
E00207,Vega,Female,26,Quality Eng,Engineering,R&D,1/21/2020,,676000,0.32,Active
E00834,Johnson,Female,35,Ops Eng,Engineering,Corporate,10/7/2023,,678000,0,Active
E04571,Maldonado,Female,29,IT Coord,IT,Products,4/19/2024,,680000,0.2,Active
E02652,Jiang,Male,35,Ops Eng,Engineering,R&D,9/9/2020,,682000,0.05,Active
E02693,Mitchell,Female,27,Ops Eng,Engineering,Manufacturing,11/3/2023,,684000,0.22,Active
E03359,Torres,Female,26,IT Coord,IT,Manufacturing,4/30/2024,,686000,0,Active
E00399,Edwards,Female,27,Auto Eng,Engineering,Manufacturing,2/26/2020,,688000,0,Active
E02971,Chan,Female,30,Dev Eng,Engineering,Manufacturing,9/11/2022,,690000,0,Active
E03327,Munoz,Female,36,Sr. Analyst,Finance,Manufacturing,5/18/2024,,692000,0.12,Active
E00900,Daniels,male,45,Quality Eng,Engineering,Corporate,11/9/2021,,694000,0,Active
E00836,Castro,Female,37,Ops Eng,Engineering,Products,5/12/2020,,696000,0,Active
E03854,Liang,Male,38,Field Eng,Engineering,Manufacturing,9/11/2022,,698000,0.1,Active
E04729,Alvarez,male,45,Sr. Analyst,Accounting,R&D,10/23/2022,,700000,0.32,Active
E00360,Delgado,Female,51,Net Admin,IT,Manufacturing,8/23/2024,,702000,0.29,Active
E02284,Evans,Female,56,Sr. Analyst,Marketing,Products,11/7/2023,,704000,0,Active
E00181,Li,Female,53,Dev Eng,Engineering,R&D,1/7/2020,2/10/2024,706000,0,Inactive
E04168,Acosta,Male,47,Net Admin,IT,R&D,4/26/2022,,708000,0.09,Active
E02861,Smith,Male,36,Field Eng,Engineering,Corporate,2/28/2020,,710000,0,Active
E01357,Robinson,Female,41,Auto Eng,Engineering,Corporate,10/12/2020,,712000,0.13,Active
E04387,Lopez,Female,30,Dev Eng,Engineering,Products,1/27/2022,,714000,0,Active
E03090,Owens,Female,30,Sr. Acc Rep,Sales,Corporate,2/15/2024,,716000,0,Active
E03591,Cao,Female,38,Field Eng,Engineering,Products,2/10/2024,,718000,0.19,Active
E03328,Garcia,Female,28,Sr. Acc Rep,Sales,R&D,12/18/2020,,720000,0.07,Active
E04937,Pham,female,39,Auto Eng,Engineering,Products,1/7/2020,,722000,0.07,Active
E00515,He,Female,31,Auto Eng,Engineering,R&D,10/7/2023,,724000,0.1,Active
E01241,Yi,Male,45,Sr. Manger,Finance,R&D,10/18/2021,,726000,0.1,Active
E03255,Xiong,Female,50,Sr. Manger,Marketing,Products,8/18/2022,,728000,0,Active
E01711,Baker,Male,36,Sr. Manger,Accounting,Corporate,5/28/2024,,730000,0,Active
E00500,Martinez,Female,45,Quality Eng,Engineering,Manufacturing,9/7/2022,,732000,0.25,Active
E04972,Chung,Female,29,Sr. Manger,Marketing,Manufacturing,1/3/2024,,734000,0.13,Active
E02728,Jimenez,Male,41,IT Coord,IT,R&D,5/28/2023,,736000,0,Active
E04749,Tran,male,47,Quality Eng,Engineering,Products,11/15/2023,,738000,0.12,Active
E02023,Luu,Female,38,Quality Eng,Engineering,R&D,1/21/2020,,740000,0,Active
E03166,Ahmed,male,40,Ops Eng,Engineering,Corporate,10/7/2023,,742000,0,Active
E02599,Patel,Female,45,IT Coord,IT,Products,4/19/2024,,744000,0.34,Active
E01014,Patterson,Female,26,Ops Eng,Engineering,R&D,9/9/2020,,746000,0.21,Active
E04529,Young,Male,35,Ops Eng,Engineering,Manufacturing,11/3/2023,,748000,0,Active
E00085,Ho,Female,29,IT Coord,IT,Manufacturing,4/30/2024,,750000,0.11,Active
E00632,Hoang,Male,35,Auto Eng,Engineering,Manufacturing,2/26/2020,,752000,0,Active
E02108,Medina,Female,27,Dev Eng,Engineering,Manufacturing,9/11/2022,11/7/2023,754000,0.13,Inactive
E03802,Vasquez,Female,31,Sr. Analyst,Finance,Manufacturing,5/18/2024,,756000,0.21,Active
E03685,Wilson,Female,31,Quality Eng,Engineering,Corporate,11/9/2021,,758000,0,Active
E01089,Gomez,Female,31,Ops Eng,Engineering,Products,5/12/2020,,760000,0,Active
E03988,Gutierrez,Female,36,Field Eng,Engineering,Manufacturing,9/11/2022,,762000,0,Active
E00401,Ramos,Male,45,Sr. Analyst,Accounting,R&D,10/23/2022,,764000,0,Active
E03429,Gonzalez,male,37,Net Admin,IT,Manufacturing,8/23/2024,,766000,0,Active
E02417,Sun,Female,38,Sr. Analyst,Marketing,Products,11/7/2023,,768000,0,Active
E00359,Campos,Male,45,Dev Eng,Engineering,R&D,10/7/2023,,770000,0,Active
E02044,Wu,Female,51,Net Admin,IT,R&D,4/26/2022,,772000,0,Active
E01479,Luong,Female,56,Field Eng,Engineering,Corporate,2/28/2020,,774000,0,Active
E04962,Roberts,Female,53,Auto Eng,Engineering,Corporate,10/12/2020,5/28/2024,776000,0.4,Inactive
E02769,Hu,Female,47,Dev Eng,Engineering,Products,1/27/2022,,778000,0,Active
E03893,Juarez,Male,36,Sr. Acc Rep,Sales,Corporate,2/15/2024,,780000,0.34,Active
E00553,Ngo,Female,41,Field Eng,Engineering,Products,2/10/2022,5/28/2024,782000,0,Inactive
E03540,Vazquez,Female,31,Sr. Acc Rep,Sales,R&D,12/18/2020,,784000,0,Active
E02769,Ford,Female,31,Auto Eng,Engineering,Products,1/7/2020,,786000,0.11,Active
E03277,Shah,Female,38,Auto Eng,Engineering,R&D,10/7/2023,,788000,0.12,Active
E04194,Chang,Female,31,Sr. Manger,Finance,R&D,10/18/2021,,790000,0.23,Active
E01807,Phan,Female,39,Sr. Manger,Marketing,Products,8/18/2022,,792000,0,Active
E01762,Tan,Male,31,Sr. Manger,Accounting,Corporate,5/28/2024,,794000,0.06,Active
E02632,Yoon,Female,45,Quality Eng,Engineering,Manufacturing,9/7/2022,,796000,0,Active
E04226,Lim,Male,50,Sr. Manger,Marketing,Manufacturing,1/3/2024,,798000,0,Active
E04101,Harris,Male,36,IT Coord,IT,R&D,5/28/2023,,800000,0.27,Active
E01981,Banks,male,45,Quality Eng,Engineering,Products,11/15/2023,,802000,0,Active
E02534,Flores,Female,31,Quality Eng,Engineering,R&D,1/21/2020,,804000,0.12,Active
E01238,Woods,male,41,Ops Eng,Engineering,Corporate,10/7/2023,,806000,0.15,Active
E01118,Khan,Female,47,IT Coord,IT,Products,4/19/2024,,808000,0.08,Active
E04041,Taylor,Male,38,Ops Eng,Engineering,R&D,9/9/2020,,810000,0,Active
E04308,Hwang,Male,40,Ops Eng,Engineering,Manufacturing,11/3/2023,,812000,0,Active
E01052,Lau,Male,45,IT Coord,IT,Manufacturing,4/30/2022,11/7/2023,814000,0.12,Inactive
E04165,Stewart,Female,31,Auto Eng,Engineering,Manufacturing,2/26/2020,,816000,0.14,Active
E02295,Thompson,Male,35,Dev Eng,Engineering,Manufacturing,9/11/2022,,818000,0,Active
E04546,Miller,Female,31,Sr. Analyst,Finance,Manufacturing,5/18/2024,,820000,0,Active
E04217,Dominguez,Female,35,Quality Eng,Engineering,Corporate,11/9/2021,,822000,0,Active
E00650,Lee,Female,31,Ops Eng,Engineering,Products,5/12/2020,,824000,0,Active
E00344,Nunez,Female,31,Field Eng,Engineering,Manufacturing,9/11/2022,,826000,0.23,Active
E04645,Lin,Female,31,Sr. Analyst,Accounting,R&D,10/23/2022,,828000,0.36,Active
E03880,Chen,Female,31,Net Admin,IT,Manufacturing,8/23/2024,,830000,0,Active
E02730,Nguyen,Female,36,Sr. Analyst,Marketing,Products,11/7/2023,,832000,0,Active
E04517,Sanchez,Male,45,Dev Eng,Engineering,R&D,10/7/2023,,834000,0.09,Active
E00965,Morris,Male,37,Net Admin,IT,R&D,4/26/2022,,836000,0.09,Active
E04639,Cruz,Male,38,Field Eng,Engineering,Corporate,2/28/2020,,838000,0,Active
E00465,Collins,Male,45,Auto Eng,Engineering,Corporate,10/12/2020,,840000,0,Active
E03058,Howard,Female,51,Dev Eng,Engineering,Products,1/27/2022,,842000,0.36,Active
E02337,Song,Female,56,Sr. Acc Rep,Sales,Corporate,2/15/2024,,844000,0,Active
E04927,Lo,Female,53,Field Eng,Engineering,Products,2/10/2024,,846000,0,Active
E03799,Turner,Female,47,Sr. Acc Rep,Sales,R&D,12/18/2020,,848000,0,Active
E04538,Ma,Female,36,Auto Eng,Engineering,Products,1/7/2020,,850000,0,Active
E02633,Le,female,41,Auto Eng,Engineering,R&D,10/7/2023,,852000,0.38,Active
E02965,Castillo,Female,31,Sr. Manger,Finance,R&D,10/18/2021,,854000,0.15,Active
E04345,Estrada,Female,31,Sr. Manger,Marketing,Products,8/18/2022,,856000,0.1,Active
E02895,Cortez,Female,38,Sr. Manger,Accounting,Corporate,5/28/2024,,858000,0.15,Active
E01132,Ha,Female,28,Quality Eng,Engineering,Manufacturing,9/7/2022,4/30/2024,860000,0.05,Inactive
E00758,Scott,Female,39,Sr. Manger,Marketing,Manufacturing,1/3/2024,,862000,0,Active
E03750,Kaur,Male,31,IT Coord,IT,R&D,5/28/2023,,864000,0.18,Active
E00144,Gonzales,Male,45,Quality Eng,Engineering,Products,11/15/2023,,866000,0,Active
E02943,Valdez,male,50,Quality Eng,Engineering,R&D,1/21/2020,,868000,0,Active
E03901,Singh,Female,36,Ops Eng,Engineering,Corporate,10/7/2023,,870000,0.24,Active
E03461,Ortega,male,45,IT Coord,IT,Products,4/19/2020,5/28/2023,872000,0,Inactive
E03490,Trinh,Female,31,Ops Eng,Engineering,R&D,9/9/2020,,874000,0.15,Active
E04466,Allen,Male,41,Ops Eng,Engineering,Manufacturing,11/3/2023,,876000,0,Active
E03226,Avila,Male,47,IT Coord,IT,Manufacturing,4/30/2024,,878000,0.38,Active
E04607,Vargas,Male,38,Auto Eng,Engineering,Manufacturing,2/26/2020,,880000,0.3,Active
E02678,Tang,Male,40,Dev Eng,Engineering,Manufacturing,9/11/2022,,882000,0.23,Active
E02190,Santos,Male,45,Sr. Analyst,Finance,Manufacturing,5/18/2024,,884000,0,Active
E00747,Ramirez,Female,31,Quality Eng,Engineering,Corporate,11/9/2021,,886000,0,Active
E00268,Zhou,Female,35,Ops Eng,Engineering,Products,5/12/2020,,888000,0.24,Active
E01416,Kim,male,31,Field Eng,Engineering,Manufacturing,9/11/2022,,890000,0,Active
E01524,Perez,Female,35,Sr. Analyst,Accounting,R&D,10/23/2022,,892000,0.08,Active
E03849,Oh,Male,31,Net Admin,IT,Manufacturing,8/23/2024,,894000,0,Active
E02801,Moreno,male,31,Sr. Analyst,Marketing,Products,11/7/2023,,896000,0.12,Active
E04155,Campbell,Female,31,Dev Eng,Engineering,R&D,10/7/2023,,898000,0,Active
E01952,Phillips,Male,31,Net Admin,IT,R&D,4/26/2022,,900000,0,Active
E00116,Mendoza,Male,36,Field Eng,Engineering,Corporate,2/28/2020,,902000,0,Active
E04811,Green,Male,45,Auto Eng,Engineering,Corporate,10/12/2020,,904000,0,Active
E00624,Rios,Male,37,Dev Eng,Engineering,Products,1/27/2022,,906000,0.26,Active
E03404,Wyatt,Female,38,Sr. Acc Rep,Sales,Corporate,2/15/2024,,908000,0,Active
E01845,Zoey,Male,45,Field Eng,Engineering,Products,2/10/2021,11/15/2023,910000,0.09,Inactive
E04784,Elizabeth,Female,51,Sr. Acc Rep,Sales,R&D,12/18/2020,,912000,0,Active
E00145,Florence,Female,56,Auto Eng,Engineering,Products,1/7/2020,,914000,0,Active
E00218,Denise,Female,53,Auto Eng,Engineering,R&D,10/7/2023,,916000,0.31,Active
E02185,Zavier,Female,47,Sr. Manger,Finance,R&D,10/18/2021,,918000,0,Active
E01070,Kinslee,Male,36,Sr. Manger,Marketing,Products,8/18/2022,,920000,0.34,Active
E03807,Peter,Female,41,Sr. Manger,Accounting,Corporate,5/28/2024,,922000,0.15,Active
E00784,Isabelle,Male,31,Quality Eng,Engineering,Manufacturing,9/7/2022,,924000,0,Active
E04925,Ricky,Female,31,Sr. Manger,Marketing,Manufacturing,1/3/2024,,926000,0,Active
E04448,Brooke,Male,38,IT Coord,IT,R&D,5/28/2023,4/30/2024,928000,0,Inactive
E04817,Nikolai,Female,31,Quality Eng,Engineering,Products,11/15/2023,,930000,0,Active
E00325,Frances,male,39,Quality Eng,Engineering,R&D,1/21/2020,,932000,0.39,Active
E00403,Hassan,Female,31,Ops Eng,Engineering,Corporate,10/7/2023,,934000,0,Active
E00436,Adaline,male,45,IT Coord,IT,Products,4/19/2024,,936000,0.09,Active
E04358,Kingsley,Female,50,Ops Eng,Engineering,R&D,9/9/2020,,938000,0,Active
E04662,Astrid,Male,36,Ops Eng,Engineering,Manufacturing,11/3/2023,,940000,0.11,Active
E01496,Valentino,Male,45,IT Coord,IT,Manufacturing,4/30/2024,,942000,0,Active
E01870,Alberto,Female,31,Auto Eng,Engineering,Manufacturing,2/26/2020,,944000,0.24,Active
E03971,Trey,Male,41,Dev Eng,Engineering,Manufacturing,9/11/2022,,946000,0.1,Active
E03616,Kaylani,Male,47,Sr. Analyst,Finance,Manufacturing,5/18/2024,,948000,0.1,Active
E00153,Devin,Male,38,Quality Eng,Engineering,Corporate,11/9/2021,,950000,0,Active
E02313,Helena,Female,40,Ops Eng,Engineering,Products,5/12/2020,,952000,0,Active
E02960,Brycen,male,45,Field Eng,Engineering,Manufacturing,9/11/2022,,954000,0,Active
E00096,Averie,Female,31,Sr. Analyst,Accounting,R&D,10/23/2022,,956000,0,Active
E02140,Colter,Male,35,Net Admin,IT,Manufacturing,8/23/2024,,958000,0.32,Active
E00826,Martha,Female,31,Sr. Analyst,Marketing,Products,11/7/2023,,960000,0,Active
E03881,Zyair,Female,35,Dev Eng,Engineering,R&D,10/7/2023,2/15/2024,962000,0,Inactive
E02604,Angelina,Female,31,Net Admin,IT,R&D,4/26/2022,,964000,0.11,Active
E02613,Elaine,Female,31,Field Eng,Engineering,Corporate,2/28/2020,,966000,0,Active
E00864,Samson,Female,31,Auto Eng,Engineering,Corporate,10/12/2020,,968000,0.06,Active
E01760,Noor,Female,31,Dev Eng,Engineering,Products,1/27/2022,,970000,0,Active
E03223,Jacoby,Female,36,Sr. Acc Rep,Sales,Corporate,2/15/2024,,972000,0,Active
E01262,Selena,Male,45,Field Eng,Engineering,Products,2/10/2024,,974000,0.07,Active
E01075,Harley,Female,37,Sr. Acc Rep,Sales,R&D,12/18/2020,,976000,0,Active
E00364,Casen,Female,38,Auto Eng,Engineering,Products,1/7/2020,,978000,0.3,Active
E04108,Miranda,Female,45,Auto Eng,Engineering,R&D,10/7/2023,,980000,0,Active
E02917,Aldo,Female,51,Sr. Manger,Finance,R&D,10/18/2021,,982000,0,Active
E03720,Camilla,Male,56,Sr. Manger,Marketing,Products,8/18/2022,,984000,0.05,Active
E03393,Zahir,Male,53,Sr. Manger,Accounting,Corporate,5/28/2024,,986000,0.15,Active
E02977,Zane,Female,47,Quality Eng,Engineering,Manufacturing,9/7/2022,1/3/2024,988000,0,Inactive
E03371,Melissa,Male,36,Sr. Manger,Marketing,Manufacturing,1/3/2024,,990000,0.36,Active
E02531,Vienna,Female,41,IT Coord,IT,R&D,5/28/2023,,992000,0,Active
E02473,Raymond,Female,31,Quality Eng,Engineering,Products,11/15/2023,,994000,0,Active
E02468,Bruce,Female,31,Quality Eng,Engineering,R&D,1/21/2020,,996000,0.31,Active
E01499,Angelica,male,38,Ops Eng,Engineering,Corporate,10/7/2023,,998000,0.09,Active
E03697,Rayden,Female,31,IT Coord,IT,Products,4/19/2024,,1000000,0.1,Active
E00593,Vera,male,39,Ops Eng,Engineering,R&D,9/9/2020,,1002000,0,Active
E01103,Artemis,Female,31,Ops Eng,Engineering,Manufacturing,11/3/2023,,1004000,0,Active
E03889,Saul,Male,45,IT Coord,IT,Manufacturing,4/30/2024,,1006000,0.06,Active
E01958,Kori,Male,50,Auto Eng,Engineering,Manufacturing,2/26/2020,,1008000,0,Active
E01870,Pearl,Male,36,Dev Eng,Engineering,Manufacturing,9/11/2022,,1010000,0.09,Active
E01167,Wayne,Male,45,Sr. Analyst,Finance,Manufacturing,5/18/2024,,1012000,0,Active
E00099,Fatima,Female,31,Quality Eng,Engineering,Corporate,11/9/2021,,1014000,0,Active
E00044,Pablo,Male,41,Ops Eng,Engineering,Products,5/12/2020,,1016000,0.32,Active
E00711,Rosalyn,Female,47,Field Eng,Engineering,Manufacturing,9/11/2022,,1018000,0.11,Active
E04795,Yehuda,male,38,Sr. Analyst,Accounting,R&D,10/23/2022,,1020000,0.3,Active
E03912,Malaysia,Female,40,Net Admin,IT,Manufacturing,8/23/2024,,1022000,0,Active
E02103,Omari,Male,45,Sr. Analyst,Marketing,Products,11/7/2023,,1024000,0,Active
E04213,Paislee,Female,31,Dev Eng,Engineering,R&D,10/7/2023,,1026000,0.08,Active
E04756,Kieran,Female,35,Net Admin,IT,R&D,4/26/2022,,1028000,0,Active
E04114,Khalani,Female,31,Field Eng,Engineering,Corporate,2/28/2020,,1030000,0.24,Active
E01423,Mac,Male,35,Auto Eng,Engineering,Corporate,10/12/2020,,1032000,0.33,Active
E03181,Lacey,Female,31,Dev Eng,Engineering,Products,1/27/2022,,1034000,0,Active
E03305,Alvaro,Male,31,Sr. Acc Rep,Sales,Corporate,2/15/2024,,1036000,0.07,Active
E00703,Rocco,Female,31,Field Eng,Engineering,Products,2/10/2024,,1038000,0.12,Active
E04403,Saige,Female,31,Sr. Acc Rep,Sales,R&D,12/18/2020,,1040000,0.07,Active
E00103,Zeke,Female,36,Auto Eng,Engineering,Products,1/7/2020,,1042000,0.2,Active
E04487,Iliana,Female,45,Auto Eng,Engineering,R&D,10/7/2023,,1044000,0,Active
E01194,Antonio,Female,37,Sr. Manger,Finance,R&D,10/18/2021,,1046000,0,Active
E02179,Saoirse,Female,38,Sr. Manger,Marketing,Products,8/18/2022,,1048000,0,Active
E04242,Houston,Male,45,Sr. Manger,Accounting,Corporate,5/28/2024,,1050000,0,Active
E01371,Haley,Female,51,Quality Eng,Engineering,Manufacturing,9/7/2022,,1052000,0.35,Active
E03065,Promise,Male,56,Sr. Manger,Marketing,Manufacturing,1/3/2024,,1054000,0,Active
E01377,Lauren,Female,53,IT Coord,IT,R&D,5/28/2023,,1056000,0,Active
E03097,Bellamy,Male,47,Quality Eng,Engineering,Products,11/15/2023,,1058000,0,Active
E01668,Lilian,Male,36,Quality Eng,Engineering,R&D,1/21/2020,,1060000,0.2,Active
E03354,Seth,male,41,Ops Eng,Engineering,Corporate,10/7/2023,,1062000,0,Active
E02088,Josie,Female,31,IT Coord,IT,Products,4/19/2024,,1064000,0.12,Active
E03980,Makenzie,Female,31,Ops Eng,Engineering,R&D,9/9/2020,,1066000,0,Active
E00972,Romina,Female,38,Ops Eng,Engineering,Manufacturing,11/3/2023,,1068000,0,Active
E00824,Arturo,Female,31,IT Coord,IT,Manufacturing,4/30/2024,,1070000,0,Active
E04359,Della,Male,39,Auto Eng,Engineering,Manufacturing,2/26/2020,,1072000,0,Active
E03113,Mack,Male,31,Dev Eng,Engineering,Manufacturing,9/11/2022,,1074000,0.08,Active
E01488,Bowen,Male,45,Sr. Analyst,Finance,Manufacturing,5/18/2024,,1076000,0.26,Active
E01787,Cannon,Male,50,Quality Eng,Engineering,Corporate,11/9/2021,,1078000,0.17,Active
E03550,Paloma,Male,36,Ops Eng,Engineering,Products,5/12/2020,,1080000,0.14,Active
E01052,Holland,Female,45,Field Eng,Engineering,Manufacturing,9/11/2022,,1082000,0,Active
E04799,Tristen,male,31,Sr. Analyst,Accounting,R&D,10/23/2022,,1084000,0,Active
E03402,Sky,Female,41,Net Admin,IT,Manufacturing,8/23/2024,,1086000,0,Active
E04128,Annabella,Male,47,Sr. Analyst,Marketing,Products,11/7/2023,,1088000,0,Active
E00013,Izaiah,male,38,Dev Eng,Engineering,R&D,10/7/2023,,1090000,0,Active
E03114,Rowen,Female,40,Net Admin,IT,R&D,4/26/2022,,1092000,0,Active
E04004,Elliot,Male,45,Field Eng,Engineering,Corporate,2/28/2020,,1094000,0,Active
E04472,Wes,Male,31,Auto Eng,Engineering,Corporate,10/12/2020,,1096000,0,Active
E00161,Giana,Male,35,Dev Eng,Engineering,Products,1/27/2022,,1098000,0.37,Active
E04417,Dayton,Male,31,Sr. Acc Rep,Sales,Corporate,2/15/2024,,1100000,0.14,Active
E04536,Emilio,Female,35,Field Eng,Engineering,Products,2/10/2024,,1102000,0.12,Active
E02534,Sarai,Male,31,Sr. Acc Rep,Sales,R&D,12/18/2020,,1104000,0.28,Active
E02857,Paige,Female,26,Auto Eng,Engineering,Products,1/7/2020,2/10/2024,1106000,0.15,Inactive
E03059,Dane,Female,31,Auto Eng,Engineering,R&D,10/7/2023,,1108000,0.06,Active
E02477,Zoya,Female,31,Sr. Manger,Finance,R&D,10/18/2021,,1110000,0.16,Active
E00022,Jasper,female,36,Sr. Manger,Marketing,Products,8/18/2022,,1112000,0,Active
E03370,Hadassah,Female,45,Sr. Manger,Accounting,Corporate,5/28/2024,,1114000,0,Active
E00555,Rocky,Male,37,Quality Eng,Engineering,Manufacturing,9/7/2022,,1116000,0,Active
E03160,Addyson,Female,38,Sr. Manger,Marketing,Manufacturing,1/3/2024,,1118000,0,Active
E03919,Edgar,Male,45,IT Coord,IT,R&D,5/28/2023,,1120000,0.14,Active
E01724,Ariya,Female,51,Quality Eng,Engineering,Products,11/15/2023,,1122000,0.07,Active
E04087,Daxton,Male,56,Quality Eng,Engineering,R&D,1/21/2020,,1124000,0.07,Active
E02856,Noelle,Male,53,Ops Eng,Engineering,Corporate,10/7/2023,,1126000,0,Active
E03805,Travis,male,47,IT Coord,IT,Products,4/19/2024,,1128000,0,Active
E00319,Itzel,Female,36,Ops Eng,Engineering,R&D,9/9/2020,,1130000,0,Active
E01090,Stefan,male,41,Ops Eng,Engineering,Manufacturing,11/3/2023,,1132000,0,Active
E04323,Pedro,Female,30,IT Coord,IT,Manufacturing,4/30/2020,10/7/2023,1134000,0.23,Inactive
E02687,Azariah,Male,31,Auto Eng,Engineering,Manufacturing,2/26/2020,,1136000,0.39,Active
E01407,Wesson,Male,38,Dev Eng,Engineering,Manufacturing,9/11/2022,,1138000,0.11,Active
E02748,Malani,Male,31,Sr. Analyst,Finance,Manufacturing,5/18/2024,,1140000,0.18,Active
E01995,Frank,Male,39,Quality Eng,Engineering,Corporate,11/9/2021,,1142000,0.31,Active
E01714,Zoie,Male,31,Ops Eng,Engineering,Products,5/12/2020,,1144000,0,Active
E04491,Romeo,Male,45,Field Eng,Engineering,Manufacturing,9/11/2022,,1146000,0,Active
E01076,Danna,Female,50,Sr. Analyst,Accounting,R&D,10/23/2022,,1148000,0.13,Active
E04131,Clyde,male,36,Net Admin,IT,Manufacturing,8/23/2024,,1150000,0,Active
E02843,Zhuri,Female,45,Sr. Analyst,Marketing,Products,11/7/2023,,1152000,0.05,Active
E03758,Ariel,Male,29,Dev Eng,Engineering,R&D,10/7/2023,5/18/2024,1154000,0.21,Inactive
E02063,Penny,male,41,Net Admin,IT,R&D,4/26/2022,,1156000,0,Active
E00638,Branson,Female,47,Field Eng,Engineering,Corporate,2/28/2020,,1158000,0.07,Active
E03571,Maren,Male,38,Auto Eng,Engineering,Corporate,10/12/2020,,1160000,0,Active
E01820,Diego,Male,40,Dev Eng,Engineering,Products,1/27/2022,8/23/2024,1162000,0,Inactive
E01712,Kendra,Male,45,Sr. Acc Rep,Sales,Corporate,2/15/2024,,1164000,0.28,Active
E00184,Weston,Male,51,Field Eng,Engineering,Products,2/10/2024,,1166000,0,Active
E02706,Hayden,Female,35,Sr. Acc Rep,Sales,R&D,12/18/2020,,1168000,0.12,Active
E02899,Lane,Male,51,Auto Eng,Engineering,Products,1/7/2020,,1170000,0.13,Active
E02478,Kamryn,Female,35,Auto Eng,Engineering,R&D,10/7/2023,,1172000,0.06,Active
E04170,Vance,Female,31,Sr. Manger,Finance,R&D,10/18/2021,,1174000,0.39,Active
E00929,Gabrielle,Female,31,Sr. Manger,Marketing,Products,8/18/2022,,1176000,0,Active
E00530,Santana,Female,31,Sr. Manger,Accounting,Corporate,5/28/2024,,1178000,0.1,Active
E03824,Royalty,Male,51,Quality Eng,Engineering,Manufacturing,9/7/2022,,1180000,0,Active
E02492,Charli,Female,36,Sr. Manger,Marketing,Manufacturing,1/3/2022,10/7/2023,1182000,0,Inactive
E01733,Maximilian,Male,45,IT Coord,IT,R&D,5/28/2023,,1184000,0.07,Active
E02857,Lillie,Female,37,Quality Eng,Engineering,Products,11/15/2023,,1186000,0,Active
E00145,Juliette,Male,37,Quality Eng,Engineering,R&D,1/21/2020,,1188000,0,Active
E04150,Willa,Male,47,Ops Eng,Engineering,Corporate,10/7/2023,,1190000,0,Active
E02846,Atreus,male,36,IT Coord,IT,Products,4/19/2024,,1192000,0.1,Active
E04247,Ariah,Female,41,Ops Eng,Engineering,R&D,9/9/2020,,1194000,0.09,Active
E02613,Bear,male,51,Ops Eng,Engineering,Manufacturing,11/3/2023,,1196000,0.3,Active
E03349,Dahlia,Female,41,IT Coord,IT,Manufacturing,4/30/2024,,1198000,0.23,Active
E03648,Drake,Male,38,Auto Eng,Engineering,Manufacturing,2/26/2020,,1200000,0,Active
E02192,Keira,Male,51,Dev Eng,Engineering,Manufacturing,9/11/2022,,1202000,0,Active
E03981,Jamison,Male,39,Sr. Analyst,Finance,Manufacturing,5/18/2024,,1204000,0,Active
E03262,Oaklyn,Male,31,Quality Eng,Engineering,Corporate,11/9/2021,,1206000,0,Active
E02716,Fisher,Male,45,Ops Eng,Engineering,Products,5/12/2020,,1208000,0.11,Active
E00245,Kennedi,Male,50,Field Eng,Engineering,Manufacturing,9/11/2022,,1210000,0.06,Active
E04123,Dallas,Female,36,Sr. Analyst,Accounting,R&D,10/23/2022,,1212000,0.36,Active
E03471,Amber,male,45,Net Admin,IT,Manufacturing,8/23/2024,,1214000,0.06,Active
E00717,Marcel,Female,29,Sr. Analyst,Marketing,Products,11/7/2023,4/19/2024,1216000,0,Inactive
E01966,Capri,Male,41,Dev Eng,Engineering,R&D,10/7/2023,,1218000,0,Active
E03683,Jefferson,male,47,Net Admin,IT,R&D,4/26/2022,,1220000,0.28,Active
E03694,Odin,Female,38,Field Eng,Engineering,Corporate,2/28/2020,9/11/2022,1222000,0,Inactive
E04766,Matias,Male,40,Auto Eng,Engineering,Corporate,10/12/2020,,1224000,0.32,Active
E01465,Madeleine,Male,45,Dev Eng,Engineering,Products,1/27/2022,,1226000,0.13,Active
E00206,Justin,Male,51,Sr. Acc Rep,Sales,Corporate,2/15/2024,,1228000,0.07,Active
E04088,Alexandria,Male,35,Field Eng,Engineering,Products,2/10/2024,,1230000,0.37,Active
E02066,Killian,Female,41,Sr. Acc Rep,Sales,R&D,12/18/2020,,1232000,0.09,Active
E03227,Laney,Male,35,Auto Eng,Engineering,Products,1/7/2020,,1234000,0,Active
E03364,Yahir,Female,41,Auto Eng,Engineering,R&D,10/7/2023,,1236000,0,Active
E00607,Charleigh,Female,41,Sr. Manger,Finance,R&D,10/18/2021,,1238000,0.16,Active
E02258,Willie,Female,41,Sr. Manger,Marketing,Products,8/18/2022,,1240000,0,Active
E03681,Brecken,female,46,Sr. Manger,Accounting,Corporate,5/28/2024,,1242000,0,Active
E02298,Evie,Female,36,Quality Eng,Engineering,Manufacturing,9/7/2022,,1244000,0.11,Active
E02984,Legend,Male,45,Sr. Manger,Marketing,Manufacturing,1/3/2024,,1246000,0,Active
E02440,Harlee,Female,37,IT Coord,IT,R&D,5/28/2023,2/15/2024,1248000,0,Inactive
E04699,Raphael,Male,38,Quality Eng,Engineering,Products,11/15/2023,1/3/2024,1250000,0,Inactive
E03579,Sierra,Female,45,Quality Eng,Engineering,R&D,1/21/2020,10/7/2023,1252000,0.32,Inactive
E01649,Harvey,Male,51,Ops Eng,Engineering,Corporate,10/7/2023,,1254000,0.09,Active
E04969,Presley,Male,56,IT Coord,IT,Products,4/19/2024,,1256000,0,Active
E00170,Chaim,male,53,Ops Eng,Engineering,R&D,9/9/2020,,1258000,0.28,Active
E00955,Estelle,Female,47,Ops Eng,Engineering,Manufacturing,11/3/2023,,1260000,0,Active
E00810,Spencer,male,36,IT Coord,IT,Manufacturing,4/30/2024,,1262000,0.33,Active
E02798,Eric,Female,41,Auto Eng,Engineering,Manufacturing,2/26/2020,,1264000,0,Active
E04542,Remy,Male,30,Dev Eng,Engineering,Manufacturing,9/11/2022,5/28/2023,1266000,0.08,Inactive
E02818,Beatrice,Male,30,Sr. Analyst,Finance,Manufacturing,5/18/2023,4/19/2024,1268000,0.28,Inactive
E02907,Gunner,Male,38,Quality Eng,Engineering,Corporate,11/9/2021,,1270000,0.12,Active
E00023,Thalia,Male,51,Ops Eng,Engineering,Products,5/12/2020,,1272000,0.28,Active
E02391,Layton,Male,39,Field Eng,Engineering,Manufacturing,9/11/2022,,1274000,0.39,Active
E01429,Allyson,Male,31,Sr. Analyst,Accounting,R&D,10/23/2022,4/30/2024,1276000,0,Inactive
E00494,Kamari,Female,45,Net Admin,IT,Manufacturing,8/23/2024,,1278000,0,Active
E00634,Ashlynn,male,50,Sr. Analyst,Marketing,Products,11/7/2023,5/18/2024,1280000,0,Inactive
E01249,Landry,Female,36,Dev Eng,Engineering,R&D,10/7/2023,,1282000,0.3,Active
E04683,Wallace,Male,45,Net Admin,IT,R&D,4/26/2022,,1284000,0.18,Active
E04732,Zion,male,29,Field Eng,Engineering,Corporate,2/28/2020,9/11/2022,1286000,0,Inactive
E03834,Cayden,Female,41,Auto Eng,Engineering,Corporate,10/12/2020,10/7/2023,1288000,0.24,Inactive
E02923,Roland,Male,47,Dev Eng,Engineering,Products,1/27/2022,,1290000,0,Active
E02642,Joe,Male,38,Sr. Acc Rep,Sales,Corporate,2/15/2020,5/28/2024,1292000,0,Inactive
E00981,Teresa,Male,40,Field Eng,Engineering,Products,2/10/2024,,1294000,0,Active
E04157,Cohen,Male,45,Sr. Acc Rep,Sales,R&D,12/18/2020,,1296000,0,Active
E03528,Amaya,Female,46,Auto Eng,Engineering,Products,1/7/2020,,1298000,0.15,Active
E04547,Aziel,Male,35,Auto Eng,Engineering,R&D,10/7/2023,,1300000,0,Active
E04415,Anika,Female,46,Sr. Manger,Finance,R&D,10/18/2021,,1302000,0.26,Active
E04484,Roy,Female,35,Sr. Manger,Marketing,Products,8/18/2022,,1304000,0,Active
E02800,Meghan,Female,46,Sr. Manger,Accounting,Corporate,5/28/2024,,1306000,0.12,Active
E04926,Briar,Female,46,Quality Eng,Engineering,Manufacturing,9/7/2022,,1308000,0,Active
E01268,Alisson,Male,51,Sr. Manger,Marketing,Manufacturing,1/3/2024,,1310000,0,Active
E04853,Lukas,Female,46,IT Coord,IT,R&D,5/28/2023,,1312000,0,Active
E01209,Kiara,Male,36,Quality Eng,Engineering,Products,11/15/2023,,1314000,0.08,Active
E02024,Reid,Female,45,Quality Eng,Engineering,R&D,1/21/2020,,1316000,0,Active
E02427,Mae,Male,37,Ops Eng,Engineering,Corporate,10/7/2023,,1318000,0.07,Active
E00276,Keith,Male,38,IT Coord,IT,Products,4/19/2024,,1320000,0.07,Active
E00951,Sterling,male,45,Ops Eng,Engineering,R&D,9/9/2020,,1322000,0,Active
E03248,Rayne,Female,51,Ops Eng,Engineering,Manufacturing,11/3/2023,,1324000,0.12,Active
E04444,Blake,male,56,IT Coord,IT,Manufacturing,4/30/2024,,1326000,0,Active
E02307,Zendaya,Female,53,Auto Eng,Engineering,Manufacturing,2/26/2020,,1328000,0.26,Active
E02375,Kameron,Male,47,Dev Eng,Engineering,Manufacturing,9/11/2022,,1330000,0.13,Active
E02276,Estella,Male,36,Sr. Analyst,Finance,Manufacturing,5/18/2024,,1332000,0,Active
E02649,Louie,Male,41,Quality Eng,Engineering,Corporate,11/9/2021,,1334000,0,Active
E00503,Everlee,Male,51,Ops Eng,Engineering,Products,5/12/2020,,1336000,0.08,Active
E01706,Aden,Male,51,Field Eng,Engineering,Manufacturing,9/11/2022,,1338000,0,Active
E00676,Laila,Male,38,Sr. Analyst,Accounting,R&D,10/23/2022,,1340000,0.1,Active
E02005,Johnathan,Female,46,Net Admin,IT,Manufacturing,8/23/2024,,1342000,0,Active
E01895,Alaiya,male,39,Sr. Analyst,Marketing,Products,11/7/2023,,1344000,0,Active
E01396,Averi,Female,31,Dev Eng,Engineering,R&D,10/7/2023,,1346000,0,Active
E00749,Victor,Male,45,Net Admin,IT,R&D,4/26/2022,5/28/2024,1348000,0,Inactive
E01941,Marie,male,50,Field Eng,Engineering,Corporate,2/28/2020,10/7/2023,1350000,0,Inactive
E01413,Magnolia,Female,36,Auto Eng,Engineering,Corporate,10/12/2020,,1352000,0,Active
E03928,Lawson,Male,45,Dev Eng,Engineering,Products,1/27/2022,,1354000,0,Active
E04109,Adelina,Male,51,Sr. Acc Rep,Sales,Corporate,2/15/2024,,1356000,0,Active
E03994,Hendrix,Male,41,Field Eng,Engineering,Products,2/10/2022,5/28/2024,1358000,0,Inactive
E00639,Braylon,Male,47,Sr. Acc Rep,Sales,R&D,12/18/2020,,1360000,0,Active
E00608,Meadow,Female,38,Auto Eng,Engineering,Products,1/7/2020,,1362000,0,Active
E04189,Franklin,Male,40,Auto Eng,Engineering,R&D,10/7/2023,,1364000,0,Active
E02732,Alaina,Female,45,Sr. Manger,Finance,R&D,10/18/2021,,1366000,0,Active
E00324,Dakari,Female,26,Sr. Manger,Marketing,Products,8/18/2020,1/3/2022,1368000,0.06,Inactive
E00518,Oaklynn,Female,35,Sr. Manger,Accounting,Corporate,5/28/2021,5/28/2023,1370000,0.05,Inactive
E01286,Raylan,female,29,Quality Eng,Engineering,Manufacturing,9/7/2022,11/15/2023,1372000,0,Inactive
E04564,Jakari,Female,35,Sr. Manger,Marketing,Manufacturing,1/3/2020,1/21/2024,1374000,0.13,Inactive
E02033,Rhett,Male,51,IT Coord,IT,R&D,5/28/2023,,1376000,0.2,Active
E00412,Lennox,Female,46,Quality Eng,Engineering,Products,11/15/2023,,1378000,0,Active
E01844,Jaxx,Male,51,Quality Eng,Engineering,R&D,1/21/2020,,1380000,0,Active
E00667,Kaliyah,Female,46,Ops Eng,Engineering,Corporate,10/7/2023,,1382000,0,Active
E02639,Adelynn,Male,36,IT Coord,IT,Products,4/19/2024,,1384000,0,Active
E00287,Evan,Male,45,Ops Eng,Engineering,R&D,9/9/2020,,1386000,0.09,Active
E02235,Rebekah,male,37,Ops Eng,Engineering,Manufacturing,11/3/2023,,1388000,0,Active
E02453,Calvin,Male,51,Ops Eng,Accounting,Corporate,5/28/2024,,1390000,0.15,Active
E00647,Eston,Female,56,IT Coord,Engineering,Manufacturing,9/7/2022,,1392000,0,Active
E02522,Alora,male,53,Auto Eng,Marketing,Manufacturing,1/3/2022,10/7/2023,1394000,0.26,Inactive
E00459,Yareli,Female,47,Dev Eng,IT,R&D,5/28/2023,,1396000,0,Active
E03007,Amos,Male,36,Sr. Analyst,Engineering,Products,11/15/2023,,1398000,0.12,Active
E04035,lilah,male,41,Quality Eng,Engineering,R&D,1/21/2020,,1400000,0,Active
E00952,Layne,Female,46,Ops Eng,Engineering,Corporate,10/7/2023,,1402000,0,Active
E03863,Eve,Male,51,Field Eng,IT,Products,4/19/2024,,1404000,0,Active
E02710,Enzo,Male,38,Sr. Analyst,Engineering,R&D,9/9/2020,,1406000,0.08,Active
E01895,lakai,Male,51,Net Admin,Engineering,Manufacturing,11/3/2023,,1408000,0,Active
E01339,Monica,Male,39,Sr. Analyst,IT,Manufacturing,4/30/2024,,154892,0.07,Active
E02938,Esteban,Female,31,Dev Eng,Engineering,Manufacturing,2/26/2020,,243879,0.07,Active
E03379,Remi,Male,45,Net Admin,Engineering,Manufacturing,9/11/2022,,271490,0,Active
E02153,Journee,Female,50,Field Eng,Finance,Manufacturing,5/18/2024,,284760,0.12,Active
E00994,Ameer,Female,36,Auto Eng,Engineering,Corporate,11/9/2021,,519382,0,Active
E00943,Ismael,Female,45,Dev Eng,Engineering,Products,5/12/2020,,371296,0.26,Active
E00869,Corinne,Female,46,Sr. Acc Rep,Engineering,Manufacturing,9/11/2022,,275439,0.13,Active
E03457,Frederick,Male,41,Field Eng,Accounting,R&D,10/23/2022,,318902,0,Active
E02193,Richard,Female,47,Sr. Acc Rep,IT,Manufacturing,8/23/2024,,364982,0,Active
E00577,Ayleen,Male,38,Auto Eng,Marketing,Products,11/7/2023,4/19/2024,251398,0.08,Inactive
E00538,Wells,Female,40,Auto Eng,Engineering,R&D,10/7/2023,,195478,0,Active
E01415,Daphne,Male,45,Sr. Manger,IT,R&D,4/26/2022,,367920,0.1,Active
E00717,Macy,Male,26,Sr. Manger,Engineering,Corporate,2/28/2020,9/11/2022,295274,0,Inactive
E00225,Thaddeus,male,35,Sr. Manger,Engineering,Corporate,10/12/2020,,358972,0,Active
E02889,Mariah,Female,51,Quality Eng,Engineering,Products,1/27/2022,,310294,0,Active
E04978,Kaison,male,35,Sr. Manger,Sales,Corporate,2/15/2024,,375480,0,Active
E04163,Shawn,Female,51,IT Coord,Engineering,Products,2/10/2024,,253972,0,Active
E01652,Harmoni,Male,51,Quality Eng,Sales,R&D,12/18/2020,,265870,0,Active
E00880,Dominick,Male,51,Quality Eng,Engineering,Products,1/7/2020,,154396,0,Active
E04335,Kylie,Male,51,Ops Eng,Engineering,R&D,10/7/2023,,413290,0,Active
E01300,Finnegan,Male,36,IT Coord,Finance,R&D,10/18/2021,,375420,0,Active
E03102,Scarlet,Male,45,Ops Eng,Marketing,Products,8/18/2022,,286739,0,Active
E04089,Jayce,Male,37,Ops Eng,Accounting,Corporate,5/28/2024,,295374,0,Active
E02059,Andi,Female,38,IT Coord,Engineering,Manufacturing,9/7/2022,,312874,0,Active
E03894,Keaton,male,45,Auto Eng,Marketing,Manufacturing,1/3/2024,,350974,0,Active
E03106,Warren,Female,51,Dev Eng,IT,R&D,5/28/2023,2/15/2024,278964,0.06,Inactive
E01350,Sara,Male,56,Sr. Analyst,Engineering,Products,11/15/2023,1/3/2024,543290,0.05,Inactive
E02900,Terry,male,53,Quality Eng,Engineering,R&D,1/21/2020,10/7/2023,415290,0,Inactive
E02202,Shelby,Female,47,Ops Eng,Engineering,Corporate,10/7/2023,,271890,0.13,Active
E02696,Colt,Male,36,Field Eng,IT,Products,4/19/2024,,429871,0.2,Active
E01722,Memphis,Male,41,Sr. Analyst,Engineering,R&D,9/9/2020,,354782,0,Active
E04562,Vivienne,Male,46,Net Admin,Engineering,Manufacturing,11/3/2023,,415972,0,Active
E00640,Thatcher,Male,46,Sr. Analyst,IT,Manufacturing,4/30/2024,,251472,0,Active
E02554,Annalise,Female,38,Dev Eng,Engineering,Manufacturing,2/26/2020,,358974,0,Inactive
E03412,Morgan,Male,46,Net Admin,Engineering,Manufacturing,9/11/2022,5/28/2023,154928,0.09,Active
E00646,Nixon,Female,39,Field Eng,Finance,Manufacturing,5/18/2023,4/19/2024,162493,0,Inactive
E04670,Colette,Female,31,Auto Eng,Engineering,Corporate,11/9/2021,,364972,0.15,Active
E03580,Eduardo,Female,45,Dev Eng,Engineering,Products,5/12/2020,,154873,0,Active
E00446,Winter,female,50,Sr. Acc Rep,Engineering,Manufacturing,9/11/2022,,347920,0.26,Active
E02363,Anastasia,Female,36,Field Eng,Accounting,R&D,10/23/2022,4/30/2024,371928,0,Inactive
E03718,Magnus,Male,45,Sr. Acc Rep,IT,Manufacturing,8/23/2024,,283794,0.12,Active
E01749,Cleo,Female,29,Auto Eng,Marketing,Products,11/7/2023,5/18/2024,254983,0,Inactive
E02888,Jalen,Male,46,Auto Eng,Engineering,R&D,10/7/2023,,145972,0,Active
E01338,Carolina,Female,47,Sr. Manger,IT,R&D,4/26/2022,,306491,0,Active
E03000,Archer,Male,38,Sr. Manger,Engineering,Corporate,2/28/2020,9/11/2022,290478,0.08,Inactive
E01611,Jovie,Male,40,Sr. Manger,Engineering,Corporate,10/12/2020,10/7/2023,374820,0,Inactive
E02684,Kade,male,46,Quality Eng,Engineering,Products,1/27/2022,,367394,0.07,Active
E02561,Cassidy,Female,26,Sr. Manger,Sales,Corporate,2/15/2020,5/28/2024,416273,0.07,Inactive
E03168,Colby,male,35,IT Coord,Engineering,Products,2/10/2024,,320879,0,Active
E00758,Persephone,Female,51,Quality Eng,Sales,R&D,12/18/2020,,290376,0.12,Active
E03691,Abraham,Male,35,Quality Eng,Engineering,Products,1/7/2020,,416920,0,Active
E01488,Noa,Male,46,Ops Eng,Engineering,R&D,10/7/2023,,527380,0.26,Active
E04415,Crew,Male,46,IT Coord,Finance,R&D,10/18/2021,,154927,0.13,Active
E03278,Zaylee,Male,27,Ops Eng,Marketing,Products,8/18/2022,2/15/2024,263479,0,Inactive
E00282,Holden,Male,30,Ops Eng,Accounting,Corporate,5/28/2020,1/3/2024,278394,0,Inactive
E03305,Mackenzie,Male,36,IT Coord,Engineering,Manufacturing,9/7/2022,10/7/2023,253478,0.08,Inactive
E00559,Hank,Female,45,Auto Eng,Marketing,Manufacturing,1/3/2022,5/28/2023,254970,0,Inactive
E02558,Mara,male,37,Dev Eng,IT,R&D,5/28/2023,4/19/2024,348920,0.1,Inactive
E00956,Nasir,Female,51,Sr. Analyst,Engineering,Products,11/15/2023,4/30/2024,290379,0,Inactive
E03858,Jennifer,Male,56,Quality Eng,Engineering,R&D,1/21/2020,5/18/2024,315490,0,Inactive
E02221,Dexter,male,53,Ops Eng,Engineering,Corporate,10/7/2021,9/11/2022,172398,0,Inactive
E00126,Luella,Female,47,Field Eng,IT,Products,4/19/2020,10/7/2023,310274,0,Inactive
E02627,Bjorn,Male,36,Sr. Analyst,Engineering,R&D,9/9/2020,5/28/2024,371486,0,Inactive
E03778,Lena,Male,46,Net Admin,Engineering,Manufacturing,11/3/2023,,164920,0,Active
E00481,Ryder,Male,46,Sr. Analyst,IT,Manufacturing,4/30/2024,,274893,0,Active
E02833,Lola,Male,46,Dev Eng,Engineering,Manufacturing,2/26/2020,,293476,0,Active
E03902,Salem,Female,38,Net Admin,Engineering,Manufacturing,9/11/2022,,315278,0,Active
E02310,Mckenzie,Male,46,Field Eng,Finance,Manufacturing,5/18/2024,,241879,0,Active
E02661,Miriam,Female,39,Auto Eng,Engineering,Corporate,11/9/2021,,153928,0,Active
E00836,Ishaan,Female,31,Dev Eng,Engineering,Products,5/12/2020,,520294,0,Active
E00682,Norah,Female,45,Sr. Acc Rep,Engineering,Manufacturing,9/11/2022,,146279,0,Active
E00287,Donald,Female,50,Field Eng,Accounting,R&D,10/23/2022,,357490,0.06,Active
E00785,Calum,Male,36,Sr. Acc Rep,IT,Manufacturing,8/23/2024,,350927,0.05,Active
E04598,Liberty,Female,45,Auto Eng,Marketing,Products,11/7/2023,,216478,0,Active
E03247,Musa,Male,46,Auto Eng,Engineering,R&D,10/7/2023,,354979,0.13,Active
E02703,Deandre,Female,41,Sr. Manger,IT,R&D,4/26/2022,5/28/2024,372960,0.2,Inactive
E02191,Jonas,Male,47,Sr. Manger,Engineering,Corporate,2/28/2020,10/7/2023,315479,0,Inactive
E00156,Blaise,Male,38,Sr. Manger,Engineering,Corporate,10/12/2020,,284769,0,Active
E03349,Melani,male,40,Quality Eng,Engineering,Products,1/27/2022,,467829,0,Active
E04032,Kevin,Female,45,Sr. Manger,Sales,Corporate,2/15/2024,,325780,0,Active
E00005,Rebecca,male,26,IT Coord,Engineering,Products,2/10/2022,5/28/2024,203948,0.09,Inactive
E04354,Judith,Female,35,Quality Eng,Sales,R&D,12/18/2020,,275394,0,Active
E01578,Boston,Male,46,Quality Eng,Engineering,Products,1/7/2020,,241896,0.15,Active
E03430,Laurel,Male,35,Ops Eng,Engineering,R&D,10/7/2023,,314920,0,Active
E03058,Kyree,Male,46,IT Coord,Finance,R&D,10/18/2021,,245973,0.26,Active
E04762,Ivanna,Male,46,Ops Eng,Marketing,Products,8/18/2022,,186470,0,Active
E01148,Santino,Male,46,Ops Eng,Accounting,Corporate,5/28/2024,,162398,0.12,Active
E03094,Kasen,Male,46,IT Coord,Engineering,Manufacturing,9/7/2022,,371972,0,Active
E01909,Dani,Female,36,Auto Eng,Marketing,Manufacturing,1/3/2024,,270384,0,Active
E04398,Noe,male,46,Dev Eng,IT,R&D,5/28/2023,,174290,0,Active
E02521,Carmen,Female,37,Sr. Analyst,Engineering,Products,11/15/2023,,126492,0.08,Active
